date,holding,sp500_m,bonds_m,reason
2001-09-30,Bonds,-0.2821526822558459,0.06939217648427598,SP500 negative mom
2001-10-31,Bonds,-0.26687489154954014,0.10930159724397126,SP500 negative mom
2001-11-30,Bonds,-0.1406131718395155,0.022602321319486807,SP500 negative mom
2001-12-31,Bonds,-0.13394875659382066,-0.03074575851212691,SP500 negative mom
2002-01-31,Bonds,-0.17692027666545318,-0.015568862275449069,SP500 negative mom
2002-02-28,Bonds,-0.10869565217391308,-0.01682954833863004,SP500 negative mom
2002-03-31,Bonds,-0.024914821124361164,-0.059281437125748515,SP500 negative mom
2002-04-30,Bonds,-0.1421168028702412,0.01930261519302623,SP500 negative mom
2002-05-31,Bonds,-0.1518533280191311,0.019308616319488214,SP500 negative mom
2002-06-30,Bonds,-0.20177741870329224,0.026849813960064806,SP500 negative mom
2002-07-31,Bonds,-0.25282863608311046,0.020161979102954586,SP500 negative mom
2002-08-31,Bonds,-0.19872639437856832,0.04537418974661156,SP500 negative mom
2002-09-30,Bonds,-0.2191616766467066,0.0832587107341598,SP500 negative mom
2002-10-31,Bonds,-0.1616568047337278,-0.00028184387792917764,SP500 negative mom
2002-11-30,Bonds,-0.17551200176172654,0.04360812425328553,SP500 negative mom
2002-12-31,Bonds,-0.23515336088753536,0.11056301264710933,SP500 negative mom
2003-01-31,Bonds,-0.24391862007961074,0.09184914841849157,SP500 negative mom
2003-02-28,Bonds,-0.2402890695573623,0.11291291291291294,SP500 negative mom
2003-03-31,Bonds,-0.2601004586154182,0.14831317632081475,SP500 negative mom
2003-04-30,Bonds,-0.14869888475836435,0.11453931245704796,SP500 negative mom
2003-05-31,Bonds,-0.09468984962406013,0.17812343006583142,SP500 negative mom
2003-06-30,Bonds,-0.014929149797570873,0.14168432893393001,SP500 negative mom
2003-07-31,SP500,0.08948237885462551,-0.002949852507374673,best index (8.9%)
2003-08-31,SP500,0.10468621540147982,-0.03128474944070603,best index (10.5%)
2003-09-30,SP500,0.21963190184049086,-0.01832557194081652,best index (22.0%)
2003-10-31,SP500,0.18520609824957646,-0.017509169747840336,best index (18.5%)
2003-11-30,SP500,0.13007478632478642,0.0008591038879151025,best index (13.0%)
2003-12-31,SP500,0.2633674630261662,-0.029950083194675514,best index (26.3%)
2004-01-31,SP500,0.32202398362094176,-0.0075204153246866134,best index (32.2%)
2004-02-29,SP500,0.36087990487514854,-0.016729627630868826,best index (36.1%)
2004-03-31,SP500,0.32821723730814645,0.01164079822616415,best index (32.8%)
2004-04-30,SP500,0.2074235807860263,-0.06083855742062372,best index (20.7%)
2004-05-31,SP500,0.1642875681287308,-0.11566390041493779,best index (16.4%)
2004-06-30,SP500,0.17184690470074493,-0.09347577875785074,best index (17.2%)
2004-07-31,SP500,0.11296436694465495,0.02455671863443043,best index (11.3%)
2004-08-31,SP500,0.09550979905730594,0.04771600769685436,best index (9.6%)
2004-09-30,SP500,0.12173038229376254,0.0005572580238659697,best index (12.2%)
2004-10-31,SP500,0.07694140066698418,0.04713995959716755,best index (7.7%)
2004-11-30,SP500,0.10990309619475291,0.01658563673302993,best index (11.0%)
2004-12-31,SP500,0.0929761368752815,0.029159519725557415,best index (9.3%)
2005-01-31,SP500,0.04579646017699113,0.0314341695985112,best index (4.6%)
2005-02-28,SP500,0.051987767584097844,-0.006860123769381166,best index (5.2%)
2005-03-31,SP500,0.052444444444444516,-0.02356164383561643,best index (5.2%)
2005-04-30,Bonds,0.04746835443037978,0.07236646522522361,bonds > SP500
2005-05-31,Bonds,0.06308515381185908,0.10234654222415696,bonds > SP500
2005-06-30,Bonds,0.04822446295484428,0.11633372502937722,bonds > SP500
2005-07-31,SP500,0.12329700272479571,0.06554957522160709,best index (12.3%)
2005-08-31,SP500,0.1064311594202898,0.05192952020796615,best index (10.6%)
2005-09-30,SP500,0.10695067264573987,0.019493168110966463,best index (10.7%)
2005-10-31,SP500,0.07033842070338414,-0.01646993462891544,best index (7.0%)
2005-11-30,SP500,0.065587734241908,0.010689165044271087,best index (6.6%)
2005-12-31,SP500,0.03377960865087548,0.014999999999999902,best index (3.4%)
2006-01-31,SP500,0.08610112121853186,-0.01741542291746645,best index (8.6%)
2006-02-28,SP500,0.06519933554817281,-4.7222535726199055e-07,best index (6.5%)
2006-03-31,SP500,0.10430743243243246,-0.019921436588103303,best index (10.4%)
2006-04-30,SP500,0.13595166163142003,-0.06966029658122896,best index (13.6%)
2006-05-31,SP500,0.06689033340322914,-0.0941743942649127,best index (6.7%)
2006-06-30,SP500,0.07026348808030103,-0.10184210526315784,best index (7.0%)
2006-07-31,SP500,0.036385688295937024,-0.060975609756097615,best index (3.6%)
2006-08-31,SP500,0.06876790830945567,-0.06494192185850056,best index (6.9%)
2006-09-30,SP500,0.09013570994531084,-0.0174820210619705,best index (9.0%)
2006-10-31,SP500,0.14341806158297166,0.006139626157716904,best index (14.3%)
2006-11-30,SP500,0.12150279776179063,0.018646885373890587,best index (12.2%)
2006-12-31,SP500,0.1384737995616656,-0.024083196496989645,best index (13.8%)
2007-01-31,SP500,0.12426957537982086,-0.024093049016892798,best index (12.4%)
2007-02-28,SP500,0.09863547758284597,-0.000828958275766789,best index (9.9%)
2007-03-31,SP500,0.0946462715105163,0.019181219582021125,best index (9.5%)
2007-04-30,SP500,0.13107902735562305,0.045919859608072544,best index (13.1%)
2007-05-31,SP500,0.20518867924528306,0.025844346549192432,best index (20.5%)
2007-06-30,SP500,0.18444704962876113,0.010254907705830707,best index (18.4%)
2007-07-31,SP500,0.14062804759118386,0.016450216450216493,best index (14.1%)
2007-08-31,SP500,0.13117579471466878,0.009881422924901129,best index (13.1%)
2007-09-30,SP500,0.14306949089557786,-0.009452321378926931,best index (14.3%)
2007-10-31,SP500,0.12416410627146224,-0.0005547850208044158,best index (12.4%)
2007-11-30,SP500,0.05755523877405566,0.024590163934426146,best index (5.8%)
2007-12-31,Bonds,0.03412670633531678,0.04430734716769491,bonds > SP500
2008-01-31,Bonds,-0.04400554400554402,0.08342792281498301,SP500 negative mom
2008-02-29,Bonds,-0.05518097941802702,0.05918141592920345,SP500 negative mom
2008-03-31,Bonds,-0.07493449781659389,0.0678371472305126,SP500 negative mom
2008-04-30,Bonds,-0.06886126973463214,0.04600118684021948,SP500 negative mom
2008-05-31,Bonds,-0.0864318330071755,0.0486687661036358,SP500 negative mom
2008-06-30,Bonds,-0.15473441108545039,0.07279582366589321,SP500 negative mom
2008-07-31,Bonds,-0.1333789329685362,0.049403747870528036,SP500 negative mom
2008-08-31,Bonds,-0.13153885220924322,0.057310595471065096,SP500 negative mom
2008-09-30,Bonds,-0.23992197659297787,0.052343599253613426,SP500 negative mom
2008-10-31,Bonds,-0.3779742765273312,0.004718290313627582,SP500 negative mom
2008-11-30,Bonds,-0.3966301600673968,0.09706666666666663,SP500 negative mom
2008-12-31,Bonds,-0.39075985784396683,0.18622448979591844,SP500 negative mom
2009-01-31,Bonds,-0.4037694816962668,0.06194348982205988,SP500 negative mom
2009-02-28,Bonds,-0.44845070422535216,0.04112277914898832,SP500 negative mom
2009-03-31,Bonds,-0.39973564954682783,0.09180579598733418,SP500 negative mom
2009-04-30,Bonds,-0.37229437229437234,0.04852285630610198,SP500 negative mom
2009-05-31,Bonds,-0.3445198143520172,0.04040404040404044,SP500 negative mom
2009-06-30,Bonds,-0.2853239656518345,0.023925451241044948,SP500 negative mom
2009-07-31,Bonds,-0.22296764009471193,0.030303030303030276,SP500 negative mom
2009-08-31,Bonds,-0.20487329434697854,0.023268112109994687,SP500 negative mom
2009-09-30,Bonds,-0.0992301112061591,0.03587138207806739,SP500 negative mom
2009-10-31,SP500,0.06797622124579994,0.06215469613259672,best index (6.8%)
2009-11-30,SP500,0.22284278134599278,-0.040593096742829404,best index (22.3%)
2009-12-31,SP500,0.23416666666666663,-0.16423316355404638,best index (23.4%)
2010-01-31,SP500,0.30151975683890586,-0.06227653938497757,best index (30.2%)
2010-02-28,SP500,0.5028941096356827,-0.043511030349295265,best index (50.3%)
2010-03-31,SP500,0.4661843346964454,-0.10468618238766414,best index (46.6%)
2010-04-30,SP500,0.3603448275862069,-0.02855685874553804,best index (36.0%)
2010-05-31,SP500,0.18572984749455346,0.034636578325898615,best index (18.6%)
2010-06-30,SP500,0.12124522119060632,0.07722765333464476,best index (12.1%)
2010-07-31,SP500,0.1155408836973082,0.08167016806722693,best index (11.6%)
2010-08-31,Bonds,0.027948026477077725,0.12816537467700262,bonds > SP500
2010-09-30,Bonds,0.07953466286799626,0.1016992790937179,bonds > SP500
2010-10-31,SP500,0.1420619554695064,0.08972691807542255,best index (14.2%)
2010-11-30,SP500,0.07741493491664753,0.04357740055738546,best index (7.7%)
2010-12-31,SP500,0.12806662165203697,0.058504875406283796,best index (12.8%)
2011-01-31,SP500,0.19803829985987864,0.015255128879537061,best index (19.8%)
2011-02-28,SP500,0.20163117353874038,0.023072889355007842,best index (20.2%)
2011-03-31,SP500,0.13366230422656078,0.03498385360602807,best index (13.4%)
2011-04-30,SP500,0.1489226869455007,0.027821522309711355,best index (14.9%)
2011-05-31,SP500,0.234726688102894,0.023839715952320484,best index (23.5%)
2011-06-30,SP500,0.2815392109108621,-0.035049019607843124,best index (28.2%)
2011-07-31,SP500,0.173230138857273,-0.004612770089827634,best index (17.3%)
2011-08-31,SP500,0.16169806820891952,0.006413192853870875,best index (16.2%)
2011-09-30,Bonds,-0.009456784693204323,0.06660434681000238,SP500 negative mom
2011-10-31,Bonds,0.05891078618351342,0.0618138424821002,bonds > SP500
2011-11-30,Bonds,0.05637982195845703,0.10026705511046363,bonds > SP500
2011-12-31,Bonds,-0.0003990422984836428,0.1857727737973387,SP500 negative mom
2012-01-31,Bonds,0.020077972709551695,0.20569948186528508,bonds > SP500
2012-02-29,Bonds,0.02903469079939658,0.173500768836494,bonds > SP500
2012-03-31,Bonds,0.06226343679031032,0.14612584503380144,bonds > SP500
2012-04-30,Bonds,0.024820739106453438,0.16751787538304397,bonds > SP500
2012-05-31,Bonds,-0.025855654761904767,0.1912311122120387,SP500 negative mom
2012-06-30,Bonds,0.031166856708475965,0.2026924053848107,bonds > SP500
2012-07-31,Bonds,0.06674427629025992,0.17878048780487799,bonds > SP500
2012-08-31,SP500,0.15376719359474444,0.09604005461993625,best index (15.4%)
2012-09-30,SP500,0.2737566607460036,0.04732690622261182,best index (27.4%)
2012-10-31,SP500,0.12607564538723226,0.07394920206788047,best index (12.6%)
2012-11-30,SP500,0.1352327447833066,0.06906443071491619,best index (13.5%)
2012-12-31,SP500,0.1337325349301397,0.01855848079413036,best index (13.4%)
2013-01-31,SP500,0.14141028090961205,-0.013536742587021866,best index (14.1%)
2013-02-28,SP500,0.10901429094906567,0.015287180607119533,best index (10.9%)
2013-03-31,SP500,0.11366470693034025,0.04877495462794923,best index (11.4%)
2013-04-30,SP500,0.14262648008611412,0.03849518810148722,best index (14.3%)
2013-05-31,SP500,0.24422379224746993,-0.061343314618423794,best index (24.4%)
2013-06-30,SP500,0.1789531883523774,-0.0819429778247096,best index (17.9%)
2013-07-31,SP500,0.22262640960349223,-0.11235257603972693,best index (22.3%)
2013-08-31,SP500,0.16103202846975084,-0.11399501661129563,best index (16.1%)
2013-09-30,SP500,0.16733484399511944,-0.1071129707112971,best index (16.7%)
2013-10-31,Non-US,0.24471299093655596,-0.09711176224361662,best index (24.8%)
2013-11-30,SP500,0.2753623188405796,-0.12672858617131066,best index (27.5%)
2013-12-31,SP500,0.29647887323943656,-0.1300847457627119,best index (29.6%)
2014-01-31,SP500,0.1896869244935544,-0.06883032019167934,best index (19.0%)
2014-02-28,SP500,0.22749050057822573,-0.07356420735642077,best index (22.7%)
2014-03-31,SP500,0.19308910574308102,-0.07787151200519138,best index (19.3%)
2014-04-30,SP500,0.1794630240226096,-0.09056444818871101,best index (17.9%)
2014-05-31,SP500,0.1795580110497237,-0.01993797075764292,best index (18.0%)
2014-06-30,SP500,0.2208847897451931,0.009891879457096797,best index (22.1%)
2014-07-31,SP500,0.14534364772389163,0.024941724941724974,best index (14.5%)
2014-08-31,SP500,0.22697318007662837,0.061401453011483476,best index (22.7%)
2014-09-30,SP500,0.17395848887561605,0.033973758200562365,best index (17.4%)
2014-10-31,SP500,0.14877213021130786,0.04659248956884565,best index (14.9%)
2014-11-30,SP500,0.14537139689578704,0.08957693216733631,best index (14.5%)
2014-12-31,Bonds,0.11488321564367188,0.12664393570384802,bonds > SP500
2015-01-31,Bonds,0.11933577258654648,0.1323976608187134,bonds > SP500
2015-02-28,SP500,0.1320323014804845,0.09240770838170431,best index (13.2%)
2015-03-31,Bonds,0.10525610083132197,0.23011963406052072,bonds > SP500
2015-04-30,Bonds,0.10702875399361012,0.18272348309402497,bonds > SP500
2015-05-31,Bonds,0.09601873536299776,0.1369801084990958,bonds > SP500
2015-06-30,Bonds,0.052240717029449435,0.09954441913439638,bonds > SP500
2015-07-31,Bonds,0.090271463826471,0.1348646804639526,bonds > SP500
2015-08-31,Bonds,-0.016112915313514886,0.1031132700375359,SP500 negative mom
2015-09-30,Bonds,-0.028873060290002583,0.14094720145026063,SP500 negative mom
2015-10-31,Bonds,0.03094705443698742,0.10874861572535988,bonds > SP500
2015-11-30,Bonds,0.006533575317604345,0.07874186550976137,bonds > SP500
2015-12-31,Bonds,-0.008282582216808776,0.06355382619974059,SP500 negative mom
2016-01-31,Bonds,-0.029419160170983116,0.06444949390621768,SP500 negative mom
2016-02-29,Bonds,-0.08239210557603138,0.12816153028692878,SP500 negative mom
2016-03-31,Bonds,-0.004488657042338917,0.003432494279176135,SP500 negative mom
2016-04-30,Bonds,-0.00962000962000964,0.023301351086743693,SP500 negative mom
2016-05-31,Bonds,-0.005223171889838563,0.0479125248508947,SP500 negative mom
2016-06-30,Bonds,0.01740082745193483,0.1425315931220219,bonds > SP500
2016-07-31,Bonds,0.033238027162258765,0.11863727454909823,bonds > SP500
2016-08-31,SP500,0.10168846007363208,0.10068054443554852,best index (10.2%)
2016-09-30,SP500,0.13189259986902413,0.06871896722939419,best index (13.2%)
2016-10-31,Bonds,0.022302591922845005,0.04015181781861776,bonds > SP500
2016-11-30,SP500,0.05721841567496089,-0.017695556002413015,best index (5.7%)
2016-12-31,SP500,0.09862441660525678,-0.020121951219512213,best index (9.9%)
2017-01-31,SP500,0.17849740932642488,-0.0632641179895207,best index (17.8%)
2017-02-28,SP500,0.2245400362788288,-0.07799547852298416,best index (22.5%)
2017-03-31,SP500,0.15001218620521573,-0.0826681870011402,best index (15.0%)
2017-04-30,SP500,0.15614375910636236,-0.0633371603520857,best index (15.6%)
2017-05-31,SP500,0.15083532219570395,-0.05824321760576745,best index (15.1%)
2017-06-30,Non-US,0.15823466092572658,-0.1082502266545784,best index (17.3%)
2017-07-31,Non-US,0.13824512855989846,-0.12307416696524542,best index (15.8%)
2017-08-31,Non-US,0.1385111776907122,-0.08419712675031821,best index (15.5%)
2017-09-30,SP500,0.16454524415644523,-0.09124698011522026,best index (16.5%)
2017-10-31,SP500,0.2135613207547169,-0.06299212598425197,best index (21.4%)
2017-11-30,Non-US,0.20432063672541223,0.0012282497441147289,best index (24.5%)
2017-12-31,Non-US,0.1966461710452767,0.01555693839452399,best index (23.2%)
2018-01-31,Non-US,0.24236095845240713,-0.020095297286099045,best index (25.4%)
2018-02-28,Non-US,0.14887313511797684,-0.0555782590927667,best index (17.8%)
2018-03-31,Non-US,0.12027127265020665,-0.027967681789931587,best index (13.7%)
2018-04-30,Non-US,0.11195127074144096,-0.05965270684371804,best index (12.0%)
2018-05-31,SP500,0.12214848610535056,-0.05882352941176472,best index (12.2%)
2018-06-30,SP500,0.12412226352746791,-0.056527043513623476,best index (12.4%)
2018-07-31,SP500,0.1414100486223664,-0.06537282941777323,best index (14.1%)
2018-08-31,SP500,0.17489878542510118,-0.0788324066719619,best index (17.5%)
2018-09-30,SP500,0.16017488076311603,-0.08057259713701437,best index (16.0%)
2018-10-31,SP500,0.05373627441453688,-0.09407665505226481,best index (5.4%)
2018-11-30,SP500,0.04163519637462243,-0.08055612349212837,best index (4.2%)
2018-12-31,Bonds,-0.06380792227204779,-0.04575163398692805,SP500 negative mom
2019-01-31,Bonds,-0.0429089622224188,-0.007610993657505283,SP500 negative mom
2019-02-28,SP500,0.025879535826119016,0.004759844223279908,best index (2.6%)
2019-03-31,SP500,0.07368520620506991,0.02067348678601877,best index (7.4%)
2019-04-30,SP500,0.11390253116735938,0.02520095589832727,best index (11.4%)
2019-05-31,Bonds,0.017372019959342122,0.05736301369863006,bonds > SP500
2019-06-30,SP500,0.08184824545287528,0.07306034482758617,best index (8.2%)
2019-07-31,Bonds,0.05866169684061062,0.08830601092896173,bonds > SP500
2019-08-31,Bonds,0.00783942108890412,0.14550549687432635,bonds > SP500
2019-09-30,Bonds,0.020383693045563644,0.15524911032028466,bonds > SP500
2019-10-31,Bonds,0.11978974548137211,0.1683257918552037,bonds > SP500
2019-11-30,SP500,0.13976253059004806,0.13675783855903934,best index (14.0%)
2019-12-31,SP500,0.28969164754016563,0.06785102739726034,best index (29.0%)
2020-01-31,SP500,0.1920872619707894,0.11482743928419259,best index (19.2%)
2020-02-29,Bonds,0.0597001526169314,0.18087855297157618,bonds > SP500
2020-03-31,Bonds,-0.09444101841247465,0.19649196074337016,SP500 negative mom
2020-04-30,Bonds,-0.015601153128709466,0.2275905912269549,SP500 negative mom
2020-05-31,Bonds,0.10517711171662136,0.165991902834008,bonds > SP500
2020-06-30,Bonds,0.04958818035153256,0.14762000401687092,bonds > SP500
2020-07-31,Bonds,0.0943079889345293,0.17152038561960237,bonds > SP500
2020-08-31,SP500,0.19634156765535526,0.06812194203989463,best index (19.6%)
2020-09-30,SP500,0.125398690616082,0.08606083943011167,best index (12.5%)
2020-10-31,SP500,0.07543440665403933,0.06874515879163434,best index (7.5%)
2020-11-30,SP500,0.1525248508946322,0.08783255086071984,best index (15.3%)
2020-12-31,SP500,0.16024450634478482,0.11084385648426531,best index (16.0%)
2021-01-31,SP500,0.1492710918114144,0.03172176571756169,best index (14.9%)
2021-02-28,SP500,0.29083361572348365,-0.061998541210795066,best index (29.1%)
2021-03-31,SP500,0.5439245062749294,-0.13664921465968582,best index (54.4%)
2021-04-30,SP500,0.43824289405684747,-0.1313654410495425,best index (43.8%)
2021-05-31,SP500,0.38149243918474696,-0.12152777777777779,best index (38.1%)
2021-06-30,SP500,0.3877518000161799,-0.09975498774938751,best index (38.8%)
2021-07-31,SP500,0.3450283438026658,-0.09634836276358649,best index (34.5%)
2021-08-31,SP500,0.2919405544441269,-0.07241014799154333,best index (29.2%)
2021-09-30,SP500,0.28214498806682586,-0.0967913490515866,best index (28.2%)
2021-10-31,SP500,0.40807106210276434,-0.06740351512955245,best index (40.8%)
2021-11-30,SP500,0.2602635755192162,-0.05808307858298867,best index (26.0%)
2021-12-31,SP500,0.2693564521507168,-0.07361963190184051,best index (26.9%)
2022-01-31,SP500,0.21563997031239457,-0.07760696425263935,best index (21.6%)
2022-02-28,SP500,0.14668241779877933,-0.03829704510108867,best index (14.7%)
2022-03-31,SP500,0.14196597353497165,-0.029310693349504757,best index (14.2%)
2022-04-30,Bonds,-0.011258833393220757,-0.10532591414944359,SP500 negative mom
2022-05-31,Bonds,-0.016954193932183226,-0.11185770750988144,SP500 negative mom
2022-06-30,Bonds,-0.11635770082779529,-0.1376360808709176,SP500 negative mom
2022-07-31,Bonds,-0.058320993279416755,-0.1257825839499146,SP500 negative mom
2022-08-31,Bonds,-0.12476495962835965,-0.1709401709401709,SP500 negative mom
2022-09-30,Bonds,-0.16200337385841423,-0.20608439646712462,SP500 negative mom
2022-10-31,Bonds,-0.15531868609963018,-0.25082572372255685,SP500 negative mom
2022-11-30,Bonds,-0.10621407062688204,-0.22394043528064145,SP500 negative mom
2022-12-31,Bonds,-0.1886098560470737,-0.21873782625633031,SP500 negative mom
2023-01-31,Bonds,-0.09196869623133708,-0.16546184738955827,SP500 negative mom
2023-02-28,Bonds,-0.08985805860805862,-0.197089144936325,SP500 negative mom
2023-03-31,Bonds,-0.08674060585995691,-0.12598917117867559,SP500 negative mom
2023-04-30,Non-US,0.014778921865536088,-0.06419369169258105,best index (6.1%)
2023-05-31,SP500,0.014341906202723242,-0.08811748998664881,best index (1.4%)
2023-06-30,SP500,0.18439108061749576,-0.08453561767357975,best index (18.4%)
2023-07-31,Non-US,0.11636627555340517,-0.13585069444444442,best index (12.1%)
2023-08-31,Non-US,0.14141286490585103,-0.10882016036655207,best index (14.8%)
2023-09-30,Non-US,0.20102734971539626,-0.09987639060568598,best index (22.2%)
2023-10-31,Non-US,0.0847926860674737,-0.09180497925311204,best index (11.9%)
2023-11-30,SP500,0.12140888208269529,-0.08339483394833946,best index (12.1%)
2023-12-31,SP500,0.24838124838124842,-0.003241087010720567,best index (24.8%)
2024-01-31,SP500,0.19083129584352077,-0.05798845043310874,best index (19.1%)
2024-02-29,SP500,0.28380077977612883,-0.0392749244712991,best index (28.4%)
2024-03-31,SP500,0.2829436287837592,-0.0817250416964499,best index (28.3%)
2024-04-30,SP500,0.20974095738331155,-0.1355328744362687,best index (21.0%)
2024-05-31,SP500,0.26369168356997963,-0.09468033186920444,best index (26.4%)
2024-06-30,SP500,0.23021222079875225,-0.06771731100714107,best index (23.0%)
2024-07-31,SP500,0.20446418896955243,-0.029382219989954828,best index (20.4%)
2024-08-31,SP500,0.2535429583702391,0.011568123393316254,best index (25.4%)
2024-09-30,SP500,0.34417986359958386,0.09145839055204608,best index (34.4%)
2024-10-31,SP500,0.3623360436821177,0.0779554540262708,best index (36.2%)
2024-11-30,SP500,0.32222647074889377,0.024422973698336126,best index (32.2%)
2024-12-31,SP500,0.23148340248962662,-0.08879439719859927,best index (23.1%)
2025-01-31,SP500,0.2457139924032441,-0.06896551724137934,best index (24.6%)
2025-02-28,SP500,0.1684055841293166,-0.00786163522012584,best index (16.8%)
2025-03-31,SP500,0.06494301591786766,-0.026206538661131318,best index (6.5%)
2025-04-30,SP500,0.10262482731399247,0.02471169686985175,best index (10.3%)
2025-05-31,SP500,0.11717495987158899,-0.023719676549865176,best index (11.7%)
2025-06-30,Non-US,0.13261794802137095,-0.024035921817221362,best index (14.9%)
2025-07-31,SP500,0.14686038143216984,-0.05459249676584732,best index (14.7%)
2025-08-31,SP500,0.1433933933933933,-0.0675984752223634,best index (14.3%)
2025-09-30,SP500,0.15900589069957438,-0.06114745848012082,best index (15.9%)
2025-10-31,SP500,0.19787400888733986,-0.0055629139072848055,best index (19.8%)
2025-11-30,Non-US,0.1335206147236223,-0.011789363374377748,best index (20.6%)
2025-12-31,Non-US,0.1611843490713052,0.015371946198188269,best index (27.3%)
2026-01-31,Non-US,0.1480901561663026,0.010699588477366184,best index (27.8%)
2026-02-28,Non-US,0.15524252714543252,0.004754358161648264,best index (30.4%)
2026-03-31,Non-US,0.1622960244107372,-0.029043431921129792,best index (19.7%)
2026-04-30,SP500,0.29653660282799366,-0.032422293676312997,best index (29.7%)
2026-05-31,SP500,0.25405679513184576,0.00331308669243513,best index (25.4%)
